<?xml version="1.0" encoding="UTF-8"?>

<web-app xmlns="http://xmlns.jcp.org/xml/ns/javaee"
         xmlns:xsi="http://www.w3.org/2001/XMLSchema-instance"
         xsi:schemaLocation="http://xmlns.jcp.org/xml/ns/javaee
         http://xmlns.jcp.org/xml/ns/javaee/web-app_3_1.xsd"
         version="3.1">
         
	<servlet>
		<servlet-name>payment
		</servlet-name>
		<servlet-class>paymentSystem.paymentservelet</servlet-class>
	</servlet>
	<servlet-mapping>
		<servlet-name>paymentservelet</servlet-name>
		<url-pattern>/insert</url-pattern>
	</servlet-mapping>
	
    <servlet>
		<servlet-name>update
		</servlet-name>
		<servlet-class>paymentSystem.paymentupdateservelet</servlet-class>
	</servlet>
	<servlet-mapping>
		<servlet-name>update</servlet-name>
		<url-pattern>/update</url-pattern>
	</servlet-mapping>
	
	<servlet>
		<servlet-name>deletepayment
		</servlet-name>
		<servlet-class>paymentSystem.deletepaymentservelet</servlet-class>
	</servlet>
	<servlet-mapping>
		<servlet-name>deletepaymentservlet</servlet-name>
		<url-pattern>/delete</url-pattern>
	</servlet-mapping>
    
	

</web-app>